plz,dist_transit_m,dist_park_m,dist_water_m,dist_school_m,count_food_500m,count_shop_500m,count_food_1000m,count_shop_1000m,count_transit_1000m,ndvi_mean,ndvi_std,ndvi_median,ndwi_mean,ndwi_std,ndwi_median,ndbi_mean,ndbi_std,ndbi_median
10115,133.96707626877438,341.04263266704885,509.7701509463425,305.9918753655488,55,10,222,26,5,0.2000431567373469,0.14723470837424688,0.15069283545017242,-0.20165392817283162,0.13003430999768828,-0.1676015555858612,-0.015676481387530684,0.10454604687407384,-0.005808268208056688
10117,92.56359753527636,200.27741217225585,226.9333468492284,311.59181090898727,81,3,302,18,12,0.08848369040912173,0.09213249953377103,0.06026151403784752,-0.10143701981525031,0.09118813472168003,-0.08140729367733002,0.040426544679789116,0.08644126449630953,0.04471002519130707
10119,298.73989582591093,306.27850426672563,272.0563287692306,109.726112514453,121,23,415,64,4,0.18974419778416698,0.13683344775314135,0.14469093084335327,-0.20141660706601427,0.1198824310756082,-0.1712752729654312,-0.00983721951843752,0.09957430144321437,0.002848035888746381
10178,105.30218390896022,174.09903778194249,156.6096071213087,300.94282544667254,89,17,266,41,10,0.12814200670952366,0.12272030043677405,0.07870753854513168,-0.1438528117827085,0.11190574187150851,-0.1083391010761261,0.014702977360905829,0.09238407738008064,0.023318659514188766
10179,186.01313491798717,190.67445292552816,333.1150393723786,357.0337352469884,35,6,122,22,6,0.17914337376408485,0.15084352922623936,0.12999200820922852,-0.17813425889452228,0.1374022949785224,-0.14553073048591614,-0.019217214778977997,0.10675616482211078,-0.008983401581645012
10243,334.69287794483233,92.95283017053497,464.054339556363,243.5180520080672,7,7,94,27,4,0.21545528610587972,0.15553702052109322,0.18002769351005554,-0.21593068362864504,0.1384241225414269,-0.19217386841773987,-0.04045780899269783,0.10380925894546342,-0.025346890091896057
10245,776.0710481538921,74.94665138115657,451.74680074251154,246.60079640594785,8,6,133,44,5,0.15554243216485333,0.1535785253274183,0.10912416875362396,-0.15497384719507817,0.1491245362767754,-0.12560856342315674,-0.019201570215441797,0.0944370511042486,-0.01623198203742504
10247,121.13656110295572,295.06480254996166,910.1754486834844,139.1470138700069,77,31,265,99,3,0.18601641212855502,0.11795640540736016,0.15410573780536652,-0.19552371806558436,0.10395904892785546,-0.17166714370250702,-0.00594453488159958,0.09030229208871277,0.001416653860360384
10249,794.939506171726,218.60397811614916,597.0448791623909,171.54338972904773,11,6,64,30,1,0.2957253734245373,0.1755941587760603,0.2756892144680023,-0.2828183185083886,0.15042082332024187,-0.27138182520866394,-0.07539352490969475,0.11751004096412199,-0.07282166928052902
10315,1322.489444307192,452.2704607320368,286.3417014811658,714.8099988826398,2,0,11,1,0,0.39830640358076236,0.14651829036139122,0.43258386850357056,-0.3748538393198623,0.1240593178117367,-0.40263259410858154,-0.13373794049890841,0.09911384785376073,-0.14509737491607666
10317,475.4401795699444,255.16088789004272,564.1407049240551,271.5672227534991,1,1,20,10,1,0.2736293136594734,0.15016818901112902,0.26829269528388977,-0.2640120102500478,0.13778624953100677,-0.26748788356781006,-0.06493692214555523,0.10341897324785047,-0.05713358148932457
10318,297.82869249932645,116.17058010350364,497.2992695561695,253.3915582725809,15,3,21,3,1,0.28695478270270053,0.1329072835331235,0.2787831127643585,-0.2891848661084364,0.11173335907459687,-0.2887738347053528,-0.05606710392363658,0.0920203453316916,-0.0511917844414711
10319,315.5918069289374,107.28222115634571,175.72173539389533,357.0147875204909,5,2,14,6,2,0.3657426927687333,0.17565394149217597,0.3950808644294739,-0.35028240290875495,0.15282252948247216,-0.3751479387283325,-0.11642261211987862,0.11825484189586738,-0.11796610057353973
10365,1058.9828327913451,324.17853480707595,667.6777111104526,231.9979193046332,0,0,20,9,0,0.20621443767936862,0.1662613503737565,0.16640423238277435,-0.2086353002876769,0.145361300334596,-0.1814671754837036,-0.029652722174192063,0.1030900976714373,-0.01752755418419838
10367,1236.3730648225649,202.1990996031572,642.8102920034862,165.48132133837424,8,2,26,10,0,0.25378774298916507,0.1498264969082125,0.23353908956050873,-0.25240440392965263,0.1319046217086909,-0.24335195124149323,-0.04558017553228569,0.10368078307486182,-0.042437490075826645
10369,1031.789320743112,187.29619359948867,390.69522218093806,234.5613691073667,7,2,17,8,0,0.30174306136472273,0.15324223045435006,0.2969340682029724,-0.289756555141553,0.13607544911611164,-0.29070809483528137,-0.0854936921107292,0.10140347711340325,-0.08353838324546814
10405,949.6187879136596,385.3028822689299,613.1456710362089,0.8564974359707012,97,20,274,57,1,0.1782349208689277,0.11408229481865552,0.14702631533145905,-0.18810004803746175,0.09918463335284915,-0.16712677478790283,-0.0034588649992460686,0.08610480588476584,0.005090772174298763
10407,647.8203222773565,491.55659603713815,1141.9625178160788,138.68689773984545,4,2,22,12,2,0.2521047287035931,0.16386653798622328,0.22783882915973663,-0.24673287250039835,0.14374206089248878,-0.2340807169675827,-0.04803324438557466,0.11030606608352041,-0.04006832093000412
10409,490.4963429976891,230.79794880899223,777.7036342213413,147.92532986444135,7,9,32,26,1,0.26389638607169025,0.14900734078893257,0.2451397329568863,-0.2569383471505479,0.1287398201076092,-0.24574142694473267,-0.0649081200027077,0.10129027574782633,-0.06008708477020264
10435,496.3955566294095,316.83939179859743,679.1587955237892,158.704260156948,116,21,421,80,3,0.2189059441233813,0.1437353596260093,0.1803761124610901,-0.22744635757134885,0.12383152374602589,-0.20314477384090424,-0.020178129235092473,0.10365777706173922,-0.007049981039017439
10437,410.6830704585319,408.6099801196556,619.7393597671713,40.28355199445651,94,22,318,80,3,0.19543513069649004,0.12444449624633126,0.16350114345550537,-0.20365505566269285,0.1093835755216218,-0.18034245073795319,-0.016829730326555128,0.09432845325074633,-0.006287845317274332
10439,453.4171596838187,98.5224862316682,722.3965596908447,87.64778975940499,52,18,140,47,4,0.18557074410574778,0.11718170869703737,0.15314069390296936,-0.1907274985799984,0.10385845788607743,-0.16799145936965942,-0.02288385313384387,0.09074215720175322,-0.012919078581035137
10551,370.775513779126,122.25159953005247,727.9547166898885,151.7807307921626,34,10,115,49,5,0.21926028473916476,0.13565844277068284,0.19015659391880035,-0.22136006852257145,0.11686362765304965,-0.20082135498523712,-0.03632934118719304,0.09434135187716815,-0.02758481539785862
10553,771.0664055637201,287.91767459769625,504.05088330592207,202.87722899742343,17,6,81,29,1,0.1468657005919709,0.12270438998651019,0.10864868760108948,-0.1522570777411056,0.11067161408221429,-0.12809187173843384,-0.005339327477757945,0.09012948783537889,0.0020749473478645086
10555,488.34323506894657,159.9615692542013,166.51502753153164,81.73638059145077,20,5,127,34,3,0.2228909826284771,0.14845664779252835,0.19333484768867493,-0.22119244931988108,0.13504536402857203,-0.2048710584640503,-0.04016168527248135,0.10655622572918344,-0.02644701860845089
10557,414.11587695798113,202.6674811382376,372.9927640006306,378.814711995224,16,2,60,14,2,0.22257753918714104,0.16008565313258216,0.1892642229795456,-0.21777297003645965,0.14305096089142894,-0.1960676908493042,-0.03376439610381843,0.09856274275938018,-0.019434625282883644
10559,607.7534673392012,482.78726907183335,433.9351363916164,159.81978655431732,29,13,101,35,4,0.21881468603216067,0.13787068574847403,0.1843893826007843,-0.21807499360940696,0.11944900335580655,-0.19244270026683807,-0.0340442345430027,0.09692893350888541,-0.027964651584625244
10585,131.95182627877358,196.96649536327607,670.5444530028843,191.72622689600212,38,16,167,43,4,0.19984488168703787,0.13159831159854984,0.1644013226032257,-0.20123157941396788,0.11440125996300898,-0.1772039234638214,-0.02015163143455587,0.09618402987773328,-0.00819387286901474
10587,713.5308677407031,66.17305670328929,432.0065202493171,222.3099997291297,22,5,100,18,3,0.20747088060256186,0.1359042211759631,0.18095801770687103,-0.20160228922391119,0.12141418001313264,-0.18360227346420288,-0.02910113526168837,0.10249644255601431,-0.02024158276617527
10589,155.0036100982721,164.53471088291346,153.7384383143562,200.6488254020264,18,4,42,6,2,0.23596096415957074,0.13934263739576322,0.20739629864692688,-0.24213440089379706,0.11845262151750449,-0.23301614820957184,-0.04026862756529851,0.10321505930289002,-0.03328284993767738
10623,361.86497446112327,100.50348576537242,87.10859337781696,426.9570232357176,78,3,321,21,6,0.16191297258649553,0.1214695704108227,0.1264970898628235,-0.16334617770448023,0.10911212199893668,-0.13924050331115723,0.00485672732480521,0.09280269447640899,0.01567111536860466
10625,364.6276587500128,311.8505142408381,568.1787837538969,132.75219904802785,74,16,354,57,5,0.18664116483657708,0.11636769267055433,0.15917560458183289,-0.18830617463457983,0.10342425206509526,-0.16951128840446472,-0.007896902001168587,0.08632239313787292,0.00041699327994138
10627,286.878826039443,326.20809962986345,925.5450285930962,59.79808846959547,139,25,330,59,6,0.16622424095253094,0.1101673782194669,0.13792410492897034,-0.1711980533040157,0.09807320121422687,-0.15098854899406433,-0.0006304947993499219,0.08422825901345081,0.008149342611432076
10629,282.4651205867586,347.68104612317615,1046.4419364010198,230.41254287601004,100,17,375,58,4,0.1835484442709661,0.12180485967067038,0.14926554262638092,-0.19152217478950262,0.10595944593414106,-0.1700935959815979,-0.009359552761197485,0.09180037120936484,0.002116101561114192
10707,365.2049461749023,184.32627360179129,237.3337891501076,60.159563149955005,38,7,242,29,4,0.24509748066301645,0.13677898561282228,0.2229495793581009,-0.24678074963936178,0.11963724778631232,-0.2341669201850891,-0.03407866392727791,0.09922954358270222,-0.028213774785399437
10709,421.9010194751044,194.35554377781287,777.9511092169753,206.1769957513641,15,4,125,24,4,0.22338364270268654,0.13657726219945335,0.20402848720550537,-0.22043460143303856,0.1188250676643286,-0.20900043845176697,-0.031934819121205785,0.09263299785334918,-0.024755079299211502
10711,140.1906064111384,275.0979297870843,721.4621749701062,125.1323786176851,22,1,63,11,2,0.24921544019915348,0.1531325892036039,0.21259480714797974,-0.24620495370388823,0.1328343948693704,-0.22088007628917694,-0.052554079592646026,0.10181828523204658,-0.03627942502498627
10713,564.025128753432,444.5432553134573,198.1396429410636,270.20011938141744,8,0,56,19,3,0.3014156919301377,0.16428833425574316,0.30315664410591125,-0.28830633012692825,0.1411089222440742,-0.2942426800727844,-0.08012873344674273,0.10954961601976902,-0.0729450136423111
10715,500.53029444218896,205.6409126530376,440.0109070471661,74.71093313832179,27,6,114,26,5,0.2678652759838627,0.1574106102520712,0.23703217506408691,-0.26619908395721714,0.1337741766700051,-0.2515592575073242,-0.04453745629200751,0.11647726742173127,-0.034429848194122314
10717,229.53815507538533,409.27699976826335,409.3726649117155,142.79490752078976,44,12,170,32,7,0.21421394066006758,0.12475261474533417,0.1873474419116974,-0.2174099039526747,0.10830054042677928,-0.20019620656967163,-0.023970094392324583,0.08988002118488303,-0.017079472541809082
10719,444.3151806778469,110.43480700771954,365.35347739590304,156.39695933091102,105,8,383,37,7,0.1982506598462618,0.13171649078784387,0.16814002394676208,-0.19836006889630373,0.11531967237326976,-0.17811934649944305,-0.02303450448172433,0.09439576101738924,-0.014135455712676048
10777,160.09812641626604,209.9183833205918,209.90262088405308,84.237485759168,61,7,241,35,6,0.22390955295083534,0.1352387683531517,0.20242691040039062,-0.2221343102860764,0.11881159753322075,-0.2092502862215042,-0.0384138915424184,0.0992584472610291,-0.032511837780475616
10779,355.6996292552806,137.28270837816683,287.9440044575668,177.1506474415195,33,5,189,33,7,0.23930967915152385,0.1301879909192504,0.22000840306282043,-0.2385892743998661,0.11139102680666858,-0.2267322689294815,-0.043884421331303,0.0978654752378497,-0.03980053961277008
10781,489.6290956462064,151.50504612941646,796.9965803538093,36.29338409849607,74,7,243,57,6,0.2325649232295385,0.1441606561954235,0.200956791639328,-0.2345576697256661,0.12617347897655123,-0.21606871485710144,-0.031065279947501672,0.1061702855347551,-0.021034743636846542
10783,168.45744309870983,103.2404085237765,265.5047455845177,12.484990889769332,37,14,158,38,6,0.24642009615882926,0.16000408888450499,0.21160130202770233,-0.24380725578836587,0.13943102454175235,-0.22096318006515503,-0.045389087091585345,0.11272635493424689,-0.03484724089503288
10785,592.195068415871,127.27720758915406,87.39293186710447,279.72941159289445,25,4,106,24,5,0.1785812066525829,0.13034922243333366,0.14488816261291504,-0.18227553702215968,0.11594974617278837,-0.16077524423599243,-0.008232599313641337,0.09596629121225288,-0.00289011187851429
10787,578.517949171698,251.4485455332269,32.24598053778749,698.4420393045386,39,3,157,14,6,0.29265071979777535,0.17082649931662616,0.29244762659072876,-0.27657524562252933,0.15109791452878124,-0.28025561571121216,-0.08235288286379319,0.12041617386963871,-0.0816153883934021
10789,216.8237199365,514.5197194220137,316.6401154848708,112.54596022287812,91,9,263,25,8,0.17947947761565808,0.13721891278381726,0.14080718159675598,-0.1771858447882126,0.12206482141957936,-0.14860334992408752,-0.020769139442419534,0.09862823714019402,-0.01231243647634983
10823,337.74099932917625,231.24037453325772,582.7114970668133,116.82657897352746,70,22,201,53,6,0.1956295061099289,0.13552153672212983,0.1535787582397461,-0.2034952114565401,0.11842203281461237,-0.17663753032684326,-0.0022833531561386703,0.10303541884453501,0.005517377518117428
10825,111.78452488925042,163.0324995286567,116.87491230863418,47.39321421621005,20,4,117,37,6,0.2589058565360831,0.15452568264025124,0.22392638027668,-0.2581128897783055,0.130365101869517,-0.2371225506067276,-0.04028291907767077,0.11305612637634924,-0.03217243403196335
10827,524.7048487864863,192.69479951764367,702.8090273665174,41.66292160817095,68,22,168,50,5,0.2080546559698427,0.14438987284900356,0.166253462433815,-0.21174217329273545,0.1265554889230779,-0.18342354893684387,-0.018747970037836344,0.103240976954292,-0.008262543939054012
10829,429.0036187980559,216.93761513686675,687.8480744602597,200.76029954101617,12,3,53,20,4,0.2226948853628698,0.15120417171342423,0.1927339732646942,-0.22629064653541267,0.1325831476140587,-0.20358626544475555,-0.027129473421815247,0.0983142113607014,-0.01829651929438114
10961,143.31407692677493,240.70413162247303,611.6876949247093,16.327110119915837,62,12,164,37,6,0.22230324427043469,0.14975283546135865,0.18171682953834534,-0.22631659994319994,0.12438453159089488,-0.19960810244083405,-0.02844207919373804,0.10858108766960298,-0.014532841742038727
10963,139.38558773377008,167.8085141634291,347.481311075012,125.5320603620302,19,5,112,27,9,0.22627836438480048,0.15754455989798768,0.1891569346189499,-0.22301755757758704,0.1388316231195769,-0.19665983319282532,-0.03530895849808572,0.11463652873609737,-0.021655166521668434
10965,98.90041545867508,187.7628988547985,366.0976008063443,101.2697747525663,55,10,155,33,4,0.21392051057670852,0.15203451974124466,0.1688518077135086,-0.21673403416200426,0.128756225284518,-0.18613171577453613,-0.014551393508181559,0.11627308613438171,-0.0019780704751610756
10967,542.5845178051941,337.14933391255187,519.9253516541761,113.4818861927237,71,16,246,67,3,0.2744410163221889,0.16858421435510118,0.24384555220603943,-0.26585911981158383,0.14613023969759792,-0.24137930572032928,-0.059504169685358904,0.11713298320587325,-0.04523520916700363
10969,502.2920254505748,107.4856511335792,595.5621962581183,148.1104290740309,17,10,120,31,5,0.2796652045646695,0.15729238043672158,0.2720818519592285,-0.26552305664561,0.13646297981206873,-0.26260682940483093,-0.06905573808037993,0.11585891238003651,-0.06953636556863785
10997,413.9187089551437,201.4644452279295,600.9655825433714,29.766168695251025,83,16,271,60,2,0.22119336809430803,0.1396451158959711,0.1925370991230011,-0.221898433140346,0.12246990359421397,-0.20210376381874084,-0.031988393043985174,0.10003979262925405,-0.024570979177951813
10999,357.1901231722037,208.81265592885455,496.1691721191215,90.54296568498964,121,32,348,78,3,0.19133697147804807,0.12477710806632925,0.16198581457138062,-0.19710222109743655,0.10798541013374335,-0.17877475917339325,-0.013283062917726135,0.09765708047508206,-0.004219583235681057
12043,275.47168889018417,462.9251869308404,485.41758876253385,265.7476790863265,79,31,227,89,4,0.1804673927985146,0.12707132647268388,0.14193807542324066,-0.1943055249804762,0.10973370241858231,-0.16974972188472748,0.00012521817947732053,0.09699834640976865,0.011440540663897991
12045,545.5403130274459,268.3393301185459,661.8640866607705,82.47111162822425,56,19,204,72,1,0.22157190515726605,0.12650402704172703,0.19173084199428558,-0.22801384955633208,0.10779773965914284,-0.20848268270492554,-0.020290864542949327,0.09815664356119844,-0.008541560731828213
12047,613.8366455712573,196.06423697534916,166.83982382286752,112.12588052417922,98,26,308,85,3,0.20601306342251657,0.12463112719498244,0.17581400275230408,-0.21195739333641464,0.10822042144108401,-0.19158561527729034,-0.013842231412938886,0.09612940004685619,-0.002119228942319751
12049,330.9717307668055,44.842977280451926,451.9906145839595,32.64570073279821,56,21,128,54,4,0.25210204362170086,0.1642088394532468,0.20971740782260895,-0.25423893129542846,0.13955043872416395,-0.22440403699874878,-0.026663184272350742,0.11148832186650261,-0.007360238581895828
12051,172.52211935356544,476.1716154151347,315.19421606103305,173.6750799138251,49,15,98,43,4,0.27262054276001146,0.16522536332798052,0.23765936493873596,-0.27200447766547636,0.1388264735148078,-0.248681902885437,-0.051737453177060085,0.1155578141026007,-0.037168409675359726
12053,478.4529071465449,247.44724932992276,703.7624022021472,159.92818225623628,48,29,244,96,4,0.2322856184322777,0.15652079700828955,0.194062277674675,-0.2350553418641554,0.1327011128655757,-0.20790472626686096,-0.031442355343175944,0.10661990228836801,-0.023388883098959923
12055,361.7682435758412,405.23904718908375,409.2904425815227,13.07231769028772,26,12,88,38,3,0.20864626579557424,0.13368008480891785,0.17341434955596924,-0.2187529301862551,0.11651505825938811,-0.1989627182483673,-0.015604803340549488,0.09549515906920833,-0.0028875390999019146
12057,1420.8295575559423,385.631658268102,412.1617446484293,124.76316790408454,4,4,19,5,0,0.2905057973512626,0.16969226147579353,0.2999575734138489,-0.28490323549690727,0.14509395538839084,-0.2977219223976135,-0.07719486189381138,0.11081951444839193,-0.07842660695314407
12059,875.511569000699,189.37640314994923,187.15868997336224,104.23653692271746,14,6,103,38,1,0.2520502522008445,0.14607323503515782,0.23188960552215576,-0.25158476701902244,0.12543555816631977,-0.24139323830604553,-0.04656422323576504,0.10328617975094889,-0.03732116520404816
12099,1203.3273401094016,554.4762027654616,481.7696095608106,673.345714327661,2,1,5,3,0,0.2884082516916125,0.166685669776961,0.32882362604141235,-0.2797844090713466,0.14744454150891007,-0.3266074061393738,-0.039664008312235065,0.10279498770244436,-0.011209117248654366
12101,362.3026927187591,26.687933563149997,453.7842714994519,361.418480093421,1,0,19,10,3,0.33418198595364523,0.13528000618117544,0.3377183973789215,-0.3269877948997002,0.11151588044117096,-0.3321286737918854,-0.09021036581415838,0.09467508139021996,-0.09109033644199371
12103,873.3730119975967,443.5913902395088,292.1965815516546,272.2449332569422,2,2,27,11,2,0.2603548112710114,0.15423298333827423,0.25571757555007935,-0.26456269708149954,0.13686602028553693,-0.2776910960674286,-0.026198179042851676,0.09823571663998171,-0.02149149402976036
12105,781.7650064563604,213.9879514762116,634.5036192760682,68.58327840349186,3,1,16,8,2,0.3402700455845513,0.13849545171797617,0.34586042165756226,-0.33028225074594714,0.11468882151551546,-0.3347078859806061,-0.08205955491736741,0.11329191292033311,-0.08266060799360275
12107,1409.0530700112167,518.9518447016526,400.4173742204419,519.270447787831,4,2,8,4,0,0.3531944414007714,0.12468089815434742,0.3574770987033844,-0.3414321426650357,0.10240788957751941,-0.3453022241592407,-0.08633618571845515,0.09098432646394683,-0.08465281128883362
12109,945.1761790554096,546.0467878062478,579.1905566199438,141.53169692495388,4,1,16,8,1,0.3451982253824092,0.13420818065911014,0.3574329912662506,-0.3282235587456182,0.11632567564423821,-0.3429888188838959,-0.09082747022386871,0.09577777171784488,-0.09498430043458939
12157,647.4381856327221,214.4794905540705,304.5798020151194,144.4201360887319,10,1,43,11,3,0.28202388559477476,0.13445950681453536,0.2730661630630493,-0.2807743993567349,0.11379996019249432,-0.2803255021572113,-0.054254778888405956,0.09404725264821881,-0.049144111573696136
12159,452.82275932908095,301.1323824376218,1067.921111947514,85.5326911936545,26,9,90,26,5,0.23579428745213785,0.12409639954594409,0.2188156247138977,-0.24021971409839663,0.10593631263805485,-0.23297491669654846,-0.0325012791286096,0.08941983395631008,-0.026076575741171837
12161,242.2748247668441,136.26192011142385,787.9872045952307,28.8141015017172,40,10,130,34,6,0.2366684247862618,0.11993458888358882,0.2192937284708023,-0.2452960911604411,0.10251305492472892,-0.23931041359901428,-0.021907493206142832,0.08847029888770294,-0.016117330640554428
12163,466.9863322723708,244.75963098665247,604.2799376301774,191.4343286958209,32,8,122,28,5,0.26387520610365894,0.1347062006052678,0.24985186755657196,-0.26485216842737047,0.11528980158302088,-0.26183998584747314,-0.044131981013790754,0.09508235655627965,-0.03859921172261238
12165,434.2058534722024,151.67110064089115,216.72484565554163,58.127899367541445,11,5,80,18,2,0.3193847780922858,0.15103723448554965,0.335268497467041,-0.3083975772572769,0.12968043609190474,-0.3244904577732086,-0.08081064817169746,0.10709146923606008,-0.08311234414577484
12167,1260.904490904676,151.03818087667312,8.687071433178097,115.24640360436464,14,5,34,15,0,0.33504940462434657,0.15374307856571076,0.34266364574432373,-0.3246632023579944,0.1289733762221203,-0.3298928141593933,-0.09070300484408868,0.11291502771655651,-0.09084439277648926
12169,915.0688626302608,391.4390481784948,463.8951557909155,202.1112609989229,5,5,27,12,1,0.3734490952007078,0.16008551803813728,0.41811639070510864,-0.34973416974875654,0.1379282571344051,-0.3859713673591614,-0.1236587911673216,0.11209648348146754,-0.14583446085453033
12203,637.9652763741929,265.84665445192127,445.67514825158815,174.79853967189877,7,3,29,6,1,0.3199687572347203,0.12848307630998598,0.32421964406967163,-0.3101727276990995,0.10798482615549664,-0.31625130772590637,-0.07107423496575233,0.09292905550921203,-0.06972292810678482
12205,1810.620634412696,368.5641283052261,581.988777423974,38.82197395660332,5,0,12,2,0,0.3627228409344335,0.11947725743464387,0.36792275309562683,-0.3499634986897859,0.09783735994278761,-0.3543613851070404,-0.09010385139225181,0.09301532581578514,-0.08771315962076187
12207,1217.0693697524114,460.5891110003976,287.52582783050406,311.9133731859967,4,1,10,5,0,0.35205230654524733,0.14343725951296304,0.3715555667877197,-0.33347483300196035,0.12631831141982128,-0.3523666560649872,-0.10902682023131693,0.10529795546108221,-0.11538393050432205
12209,1384.0884672286084,363.449239253014,409.0720392645956,272.67760702347016,2,0,13,1,0,0.3545375728157274,0.10838736888879955,0.3589484393596649,-0.34138576123812636,0.09000178296844924,-0.3460531234741211,-0.09562549836687571,0.081208552273792,-0.09661779552698135
12247,1122.2427720239878,229.26048755557528,206.45939978183029,274.35024588298955,12,3,19,3,0,0.3280802029834439,0.13890191450484293,0.3330068588256836,-0.31957188506842543,0.11665419841398547,-0.32775330543518066,-0.07724915290648526,0.10184175219059584,-0.07717055827379227
12249,1581.1434141575935,431.28086698394617,431.4427720104327,348.2568695812985,2,1,6,3,0,0.32292320243671796,0.13984918294914012,0.33420056104660034,-0.3131085747474304,0.11713548435970308,-0.3235776424407959,-0.07289058073548423,0.09441941446770778,-0.07703757286071777
12277,625.5997864341344,472.9685458067965,297.2755055013194,333.818620939935,1,0,6,2,1,0.3043091566919916,0.14735580156949363,0.31412410736083984,-0.29965533490817725,0.12540185275868693,-0.3135297894477844,-0.06587146132971776,0.09729924536393698,-0.06993541121482849
12279,2033.82067863828,112.35899949015032,218.71512060117928,62.260026564929866,3,1,11,3,0,0.3292579271258612,0.15011518470793567,0.34208136796951294,-0.31935889382056964,0.13036282354343853,-0.3338099420070648,-0.0789152643272359,0.10247842224780926,-0.08338616788387299
12305,775.8398691039564,452.75590157381953,789.6414284883714,361.5615133804933,0,0,8,5,1,0.3844205679392839,0.10612331838847427,0.39342790842056274,-0.3670570303540711,0.08924284950480972,-0.3755425214767456,-0.11140457448852414,0.0820759765553106,-0.11439190804958344
12307,823.9687970774538,575.7748984902248,141.70744628530534,26.28507670697725,1,0,7,1,1,0.4049618189460097,0.14316430238053418,0.4108370542526245,-0.3882641439715069,0.12055241943822939,-0.38874363899230957,-0.12274530188031856,0.11480482455195727,-0.11814495921134949
12309,1491.3095935680751,48.3173998317986,474.8679931979538,221.8810562184532,0,2,7,3,0,0.36516736393859955,0.1306457111094818,0.365780770778656,-0.35212009552484386,0.11244728431020735,-0.35564181208610535,-0.10097438689703117,0.0976237685234579,-0.09995724260807037
12347,1646.73763825739,594.0132563645349,537.8538702281431,321.0905729396131,0,0,9,3,0,0.3186158973097375,0.18599296491247838,0.3827125132083893,-0.3072728906150249,0.15951867370728046,-0.3647819757461548,-0.08696019145761522,0.10607938832568496,-0.10188435763120651
12349,2177.250398555668,158.93169532987378,462.89354038494537,459.7333497841757,0,0,1,2,0,0.44295739100342574,0.10784244896460181,0.4611872136592865,-0.4133016650732951,0.09141879729807009,-0.4289742708206177,-0.15988805319869343,0.07814242602263151,-0.16661891341209412
12351,736.3733905483971,487.4623996828146,811.3853238798099,430.5874603555072,3,4,19,7,2,0.28626109135994265,0.1276783254172652,0.28377822041511536,-0.2824013976856278,0.1094041680937139,-0.2850877046585083,-0.058198087362820665,0.0912146779326181,-0.05914076417684555
12353,332.4178410847493,295.3722169635447,630.5999938146357,198.2092414080248,1,2,7,6,2,0.36092586446772545,0.15115072147452338,0.35762539505958557,-0.3471647608810913,0.12777049455038517,-0.3469526767730713,-0.09692791582203167,0.11311173539336244,-0.10047567635774612
12355,561.918770721175,475.80516116269774,324.7905824190405,784.9471080965735,3,0,8,1,1,0.3454307711854273,0.12853074902991574,0.3412780463695526,-0.33394868811782524,0.108305759985599,-0.3323145806789398,-0.09313985085000798,0.08923104557657671,-0.08727873861789703
12357,872.4437348613855,711.0715879395979,707.2948256186842,201.90615159821047,0,0,13,0,1,0.2967512169662787,0.12131873902694848,0.30109578371047974,-0.2919344605877758,0.10558704433947813,-0.2988235354423523,-0.07074807296066157,0.08305982120001774,-0.07232217490673065
12359,385.5108446686486,30.19237455337755,27.379008191033048,589.3689956487043,4,0,14,4,2,0.3638108286691542,0.13414572036866607,0.38771259784698486,-0.35592526400449676,0.10751304084132986,-0.37254902720451355,-0.09749918900090891,0.10535443242234648,-0.10968970507383347
12435,1364.4140963312454,255.58914818986315,310.29729738185574,343.8533240031816,1,0,7,2,0,0.4006489290808683,0.1854854708808479,0.4652338922023773,-0.3694056501685205,0.17493948119155234,-0.43059754371643066,-0.15579806290625797,0.1125051396392461,-0.17128606140613556
12437,429.2076874614602,195.39929766291,723.9907253044879,116.14966352148156,8,8,13,8,1,0.30121413250358736,0.14951164585510482,0.285402774810791,-0.2978125435965402,0.12681822158158504,-0.29068824648857117,-0.0689639967315051,0.10952705643230225,-0.06337407231330872
12439,303.02076049430946,149.6224974948794,426.61527154575913,129.0007251994302,13,8,38,19,1,0.2038014223140166,0.1541604882989253,0.16851834952831268,-0.20840652773567142,0.1425524343939418,-0.1953158974647522,-0.029214132828703335,0.09623552255340241,-0.0171541515737772
12459,1528.6517498835592,399.9365406037536,378.3971481454601,348.84436135791736,2,2,15,9,0,0.35188870548518164,0.1596516797726359,0.3631484806537628,-0.3469500004979286,0.1323616491454661,-0.35659846663475037,-0.10090290018522945,0.1134934692066579,-0.09642396122217178
12487,1297.3213865329212,46.16156923302649,272.02314917179683,211.8611327125679,4,1,9,2,0,0.2800752230861816,0.1229339817372499,0.27707213163375854,-0.2854144642842909,0.10198868502126363,-0.2867675721645355,-0.04295185460315768,0.08862264458283714,-0.04234335198998451
12489,2960.7677414949508,163.6173704972305,975.4612930628464,99.75533082529424,15,4,34,9,0,0.2837778059588856,0.13312217109862343,0.27483609318733215,-0.28850474429917483,0.11132344962673237,-0.28940507769584656,-0.05024409473390508,0.09214480811124297,-0.04542984440922737
12524,1302.4194444773182,552.4048107721833,556.9404110172845,657.7510840795412,0,0,5,0,0,0.3486781044303041,0.11613222273376825,0.3482077419757843,-0.33856308578806427,0.09771351811449269,-0.3398570418357849,-0.10146424297044339,0.08622069966167226,-0.10066636651754379
12526,1112.5743296445658,1089.3600703167556,174.37050851928342,229.0994015939313,1,0,2,2,0,0.36625499295112784,0.11821225410652714,0.36971235275268555,-0.35421817877254047,0.09531800660305899,-0.3582426607608795,-0.10270315038788709,0.08309693067170398,-0.10143172740936279
12527,4156.715786653738,1066.755848256194,1035.9404100232257,1131.8324648590933,1,0,1,1,0,0.4514895939571647,0.07999610840502405,0.47669321298599243,-0.41690936518955574,0.06541566994392985,-0.432314395904541,-0.2120575153481164,0.07704784872297983,-0.238121896982193
12555,342.3900375742701,178.4522591224805,460.11271568311537,120.51025445763956,5,5,9,8,1,0.30251837451589,0.15796761550267013,0.2922510802745819,-0.29822139990477176,0.13374199099899986,-0.2950819730758667,-0.07258615490126546,0.11099588765938638,-0.0641234964132309
12557,2094.188109716159,241.1625895601831,623.5113251520829,285.87683473485976,0,1,5,1,0,0.3147095956450867,0.12249677649532446,0.31506848335266113,-0.30982999019576585,0.10439557390450342,-0.3145502209663391,-0.06716771436549468,0.08902642112239213,-0.06804303079843521
12559,4268.379188342305,772.575643647397,1146.514963412313,221.660626149007,0,0,4,0,0,0.38018442834526434,0.09362800027807877,0.39614948630332947,-0.36395047494493393,0.0767377375744787,-0.3765829801559448,-0.13184505781938327,0.08771705871410344,-0.1332816183567047
12587,840.1258233991375,455.3977129221272,1489.7861235605503,628.6722811795054,0,0,12,2,1,0.45184203992612837,0.11590012322845464,0.484375,-0.4225517330342343,0.1002932843383342,-0.4463554322719574,-0.18295549176016832,0.09011111559899795,-0.21129387617111206
12589,1199.828271172929,1409.1572265769794,270.1638302681385,343.7976914202156,0,0,0,0,0,,,,,,,,,
12619,371.455702010156,163.96355364753816,426.0241305034313,281.6855001324238,5,3,7,5,2,0.29015215980331166,0.147536222111113,0.28492677211761475,-0.2798281464327868,0.12839740886525594,-0.2770655155181885,-0.06528631290398311,0.10005970959659893,-0.06423430889844894
12621,1154.9501291143672,232.024523548666,341.3750593138729,612.9855774270674,1,0,2,1,0,0.3174539955200491,0.16094326233166983,0.3338661193847656,-0.29751491132942076,0.16140269126751636,-0.32581421732902527,-0.08603108879680126,0.09724781917361604,-0.07993555814027786
12623,1574.1714665121326,206.4568852076438,209.0923597299987,414.6724915922687,2,0,4,0,0,0.3630589982742954,0.11491111244907228,0.36295121908187866,-0.34983564332315714,0.09486654782002968,-0.35143768787384033,-0.09738189926896682,0.09378862833905818,-0.09461473673582077
12627,260.6391880710112,104.43677334023576,688.4477590631484,230.01943658749428,7,1,11,4,2,0.29357499312770907,0.15595483551058703,0.2745393216609955,-0.2855618023130737,0.13557197922997252,-0.27272728085517883,-0.060034767087665315,0.10845455412617944,-0.05476972088217735
12629,878.84367679011,202.1227951521881,190.20037868700976,281.67797781186863,2,1,9,2,1,0.3130193010309032,0.13420865586143638,0.3160083293914795,-0.30188509949252135,0.11598843506116309,-0.30775192379951477,-0.07397745129769821,0.09566060789636621,-0.07646208256483078
12679,1398.01593665308,178.4764499360343,53.80436251319384,264.78538017473,2,0,13,4,0,0.33715518558669405,0.14890469578072976,0.34422731399536133,-0.321136474609375,0.13166072673887416,-0.33250635862350464,-0.09323197111077265,0.10218240059967564,-0.09726981818675995
12681,747.4711615325308,223.7633721692566,95.35205402059309,311.8176817605077,1,0,6,4,1,0.26242250620498153,0.1611211572980828,0.2506868243217468,-0.2622286316571583,0.13508112280945647,-0.2546643018722534,-0.03719401420348156,0.13311384710269558,-0.04011703282594681
12683,254.1527182519379,246.3297032063296,355.05170844512685,125.36464555085476,3,2,4,3,2,0.28993986089841756,0.13840028995057257,0.3049710988998413,-0.2850978082732551,0.12201794502329959,-0.30427494645118713,-0.05800524899228917,0.09026883722919604,-0.05738668888807297
12685,1431.7195671660386,147.04356266979255,189.7268157063976,364.8152869765729,4,2,12,4,0,0.3072851998465402,0.12814749896904015,0.3068687319755554,-0.2988736211037149,0.11130299992972902,-0.3031255602836609,-0.07052749322385204,0.08945111329204623,-0.07110863924026489
12687,1637.5466610463434,161.70064429314604,396.9230601972006,271.4471168830308,3,5,6,5,0,0.2858772462680917,0.12292372090771195,0.27353164553642273,-0.27666609009380577,0.10773523651439093,-0.2680399715900421,-0.07546802492538175,0.08573350335217331,-0.08027467876672745
12689,1078.5816681087667,212.22505956595575,31.26817853010157,86.1442783645911,3,2,6,6,0,0.33433549055209394,0.1470854747062543,0.3262180685997009,-0.32005861740462455,0.12939616640229518,-0.3191561698913574,-0.0997230728203882,0.08713492545629391,-0.09877365827560425
13051,1242.624890886344,1048.97053812623,189.5135615267468,707.540518011618,0,0,2,0,0,0.48356390540352134,0.08678970121937486,0.4978554844856262,-0.4404718247092097,0.07157973303940228,-0.4490291178226471,-0.19079846588193117,0.08260749435597803,-0.19232501089572906
13053,1701.956607952376,453.63553501110897,429.7826155865049,72.01768308697915,1,1,6,4,0,0.26277507320169985,0.14614764368767413,0.26620516180992126,-0.25949141449702606,0.1251386477520483,-0.26735544204711914,-0.05538413311422655,0.0984032266300115,-0.05346880853176117
13055,2989.1419044723534,120.10094393647324,823.2662555989092,188.62505014760055,6,1,16,8,0,0.250202511957197,0.13353870621285716,0.2311926633119583,-0.2504079018305164,0.11689896579249438,-0.24430955946445465,-0.03835451707758538,0.09529731234784328,-0.034324273467063904
13057,1301.0050041021796,410.8777714947487,322.43733996447395,225.1897041907868,0,0,1,0,0,0.3835820696443388,0.11661141877535941,0.40729033946990967,-0.36400799998404393,0.09666914506387264,-0.3831576108932495,-0.08853723615111214,0.08496437558097919,-0.0902675986289978
13059,1473.5589576708048,344.49784892117464,626.9330337165147,540.4701254742481,0,0,1,0,0,0.3402499867981603,0.1487981700044477,0.354818731546402,-0.3291328234600179,0.11188510480344496,-0.3376676142215729,-0.07381804769949225,0.1228783127347266,-0.07289203256368637
13086,1980.5539694320596,509.7417439204908,551.5025625625088,140.10926702133096,2,1,30,14,0,0.35148344553377775,0.1493829004451804,0.38268375396728516,-0.3321479939477545,0.12544057444121162,-0.3514133095741272,-0.09938568325485615,0.1112359234264237,-0.10859628021717072
13088,2337.233974430586,379.7248859296743,544.2059695109695,89.32742471507511,2,0,6,2,0,0.32290229018853633,0.1644149436747678,0.3306266665458679,-0.3101825166791544,0.1401205798804968,-0.31927213072776794,-0.08853791991813863,0.11096748592025887,-0.08608101308345795
13089,2178.202151298254,429.3727408108938,347.0870974964913,394.08963668254944,3,1,3,1,0,0.3021053092045527,0.1462648594879777,0.3056618869304657,-0.29526822053810375,0.12265730438373529,-0.3014691472053528,-0.07721105939919316,0.10253092884646624,-0.07437925785779953
13125,336.7141615904337,498.6318113996381,393.6801999820874,233.08310333310052,0,2,1,4,1,0.40676699634838626,0.15293800142534336,0.458609014749527,-0.3836182668388825,0.13065920289988806,-0.4241338074207306,-0.14323433663015053,0.11599705399045458,-0.16905662417411804
13127,2621.976577020656,426.7751348036794,955.9891287112898,368.6197823944884,1,2,2,5,0,0.3261942366492856,0.11395604787769775,0.3358898460865021,-0.31859896854868286,0.09481781784691291,-0.3291535973548889,-0.06328386067583756,0.07980457397121543,-0.06644901633262634
13129,1104.8295128930763,404.0250957464878,488.0106946614118,291.6271849546803,1,0,1,1,0,0.3450379095013069,0.13694961301959502,0.35211268067359924,-0.3337551137857803,0.10880709511288165,-0.3357723653316498,-0.08890339769788745,0.11205153289007307,-0.09321191906929016
13156,1671.846121334619,154.32366916216768,498.29777444981113,109.5289676951996,12,3,19,5,0,0.3189571211375733,0.1335498478347829,0.3230082392692566,-0.30824823685898456,0.1127818994972689,-0.31384867429733276,-0.08523105152525019,0.09522600907663187,-0.08343295753002167
13158,1783.2387073893667,223.8357117102169,391.0433355850293,219.7572077485091,2,2,9,3,0,0.29648884842276696,0.11070582214250513,0.28757762908935547,-0.2856315589461487,0.0981004033721016,-0.2794671356678009,-0.09718558401871893,0.07846161637786966,-0.09524098038673401
13159,3428.698796759952,1782.7582893060323,354.41028020676845,570.4108989027648,0,0,2,0,0,0.49683346151468993,0.10666484344371906,0.5274525880813599,-0.4674899515120582,0.08552816361239475,-0.4847501516342163,-0.17595531351182692,0.11409391534540153,-0.20558829605579376
13187,380.5840016525768,105.07502111057556,549.8208616167433,74.9857809946702,22,9,47,18,2,0.265430440713045,0.14187075029791774,0.2464359998703003,-0.26265702935763,0.12075007382139893,-0.25244519114494324,-0.04996719243634665,0.0985206869482722,-0.040580496191978455
13189,745.8709536094648,489.64536273763787,777.9320659479919,71.86697437148041,2,2,20,18,3,0.2988257601405175,0.13180111853002072,0.29112809896469116,-0.2956329197899407,0.11003837224319195,-0.29512837529182434,-0.06632115395434378,0.09599824968731922,-0.06569242477416992
13347,441.63081708953854,219.74360838980735,442.71642773219793,43.30463960159196,42,29,121,71,6,0.21459628032608002,0.1378885950268884,0.17623762786388397,-0.21374455716057889,0.11935155757167337,-0.18591319024562836,-0.03420791830153044,0.09810892945595381,-0.02256816439330578
13349,578.3855029011074,52.36062407874447,828.2707290341132,159.31490064072548,4,2,47,31,2,0.33681848311366397,0.16854876433072438,0.3718772232532501,-0.32195537400011176,0.1423400399758759,-0.3479262590408325,-0.07927209296465865,0.11874158369732124,-0.09591837227344513
13351,677.0910075965957,128.26140814001337,332.154151681816,238.487379806289,5,3,36,21,1,0.38937078432680666,0.14520642391354652,0.4275118112564087,-0.3702197166051969,0.11893485562657169,-0.3973047733306885,-0.12398763788375446,0.10948302883425788,-0.14139539003372192
13353,52.63207390514962,201.3297719004604,423.78201035470863,253.8046054332688,26,12,97,49,6,0.2207267796245538,0.1280610194609055,0.19415438175201416,-0.22537325620955273,0.11189513058549658,-0.21320831775665283,-0.02740375026642577,0.09665367855706407,-0.017715878784656525
13355,258.62441441651305,92.58539606693842,415.93799531377607,61.520730181591,11,6,57,25,5,0.23169910172185748,0.16224603319159697,0.1908469796180725,-0.22472792734634023,0.14420228399239315,-0.19299721717834473,-0.03495506349834688,0.1104045914583425,-0.01935345120728016
13357,238.36986493108785,16.364098173839423,344.6611563885773,177.2334539661116,29,17,68,43,4,0.25156477049533726,0.17534570618833986,0.20263251662254333,-0.2454989924988822,0.15310138686873562,-0.20923012495040894,-0.0648003058166153,0.1160656315743613,-0.04669248312711716
13359,766.4840085237021,237.43289900531173,92.14884361851269,71.15665409961154,15,13,62,54,3,0.2919578304254302,0.15266276148404845,0.2865147590637207,-0.28257564158102294,0.12988020653731128,-0.283405601978302,-0.078387353920192,0.10745260135741386,-0.08138063549995422
13403,1009.109813189498,102.9692555121367,171.94199569706512,397.5962997647831,1,1,14,6,0,0.292938906778883,0.1407892083767689,0.2909492254257202,-0.28068245879230524,0.12201343955386747,-0.28352558612823486,-0.07058941457877746,0.09427680101079017,-0.06910239905118942
13405,1295.9649587610418,1050.161428646188,693.4397274496079,942.2621279512786,0,0,0,0,0,0.22745392180718663,0.12360115512175344,0.27451908588409424,-0.23889195995121426,0.11389779577220051,-0.2900897264480591,0.04619023603293736,0.05736345630912756,0.04883988946676254
13407,247.82997520117627,293.3169666919587,668.9383661640172,237.67307366253743,3,0,14,8,4,0.30455515713789744,0.12035386924782829,0.304964542388916,-0.2923907748950485,0.10440125853706324,-0.2975391447544098,-0.06565955723097705,0.08898814112639217,-0.0647086352109909
13409,699.2459185493586,100.89528851393196,477.6095144541786,128.127745571936,6,7,33,25,3,0.2873717708765312,0.1253897137551653,0.28496241569519043,-0.2827815719902386,0.10673581689722808,-0.28925618529319763,-0.05259313823100756,0.08953088177761184,-0.04776391759514809
13435,1004.7777328396184,223.6825755992552,181.30671015639277,206.77081809584385,1,1,11,5,0,0.34327133990203734,0.14651108575033264,0.3462391495704651,-0.32385305281333693,0.12885170267244145,-0.3320634961128235,-0.09561244797727889,0.10610556494292185,-0.09557947516441345
13437,415.2164641629293,70.81570748786875,346.179196077752,99.40669725032816,6,0,16,3,2,0.372011805887508,0.13101379517839715,0.3835107684135437,-0.35256099968335775,0.1107671655752844,-0.36228033900260925,-0.11426926339854702,0.0946361219539654,-0.11220584809780121
13439,2212.122021198434,226.6261644666693,645.8369415714249,123.04687571925872,0,0,7,4,0,0.33184650166634777,0.15533837111779422,0.36281323432922363,-0.3104607297048412,0.13220552293025814,-0.3370114862918854,-0.11571703469332026,0.1111766518632392,-0.13083027303218842
13465,834.7121562245566,36.28227206370345,142.79958539631724,137.8296324809451,0,0,9,5,1,0.41863646215322065,0.097935893099286,0.42519041895866394,-0.3918086772062341,0.08175993121058954,-0.3956277072429657,-0.15613652443399234,0.09146885857483528,-0.1618334949016571
13467,1075.9028317204652,367.8448807937793,297.3615821896232,252.93871711989328,4,0,19,1,0,0.3613698007135231,0.11736024225514127,0.364290714263916,-0.3411820415086372,0.09874789515414625,-0.3429329991340637,-0.11014413322981738,0.09048611862655802,-0.10552799701690674
13469,1222.021567558369,96.4948704492586,188.36127394818664,130.1424474606164,2,1,7,3,0,0.366475760617345,0.1276330538986095,0.3733280897140503,-0.349934625881124,0.106910802285976,-0.35341742634773254,-0.10310200630143213,0.10809581448559558,-0.10941120982170105
13503,1945.5156260527303,1165.6512194627269,725.8585157059726,145.4110835864662,1,1,2,1,0,0.432400602601709,0.11411088003163639,0.4669584333896637,-0.4021668017571898,0.09840636120330012,-0.42621299624443054,-0.18381140910458646,0.09074756890623818,-0.20630472898483276
13505,2801.73324429031,242.1849970972744,888.5704114014627,571.5130153021641,0,0,2,0,0,0.4387188955993107,0.16786716515363354,0.5009459257125854,-0.3968805858727363,0.1667963816316316,-0.4580645263195038,-0.19939830637014633,0.07731983240416414,-0.223732590675354
13507,1321.4583877144482,118.00217386591254,109.95629327816688,213.2109784154803,0,1,0,2,0,0.32591250089718643,0.16238659357847088,0.34125715494155884,-0.30057442031628717,0.1559232884724426,-0.3231339752674103,-0.11541406237542257,0.09750404922081769,-0.09712586551904678
13509,642.0202093855839,22.00667156235146,278.237941703399,184.9569452775072,0,0,20,8,2,0.3337454937460166,0.11441197430048465,0.3345070481300354,-0.32391849904397707,0.0948331971574807,-0.3253629505634308,-0.07261395718809752,0.0875034296797735,-0.07460753619670868
13581,1294.8172126332204,378.3383680161117,1135.325749664475,553.6327177097602,0,0,3,4,0,0.24133515595112853,0.15794959834523742,0.23558777570724487,-0.2384552270436217,0.1397508646141903,-0.2402428388595581,-0.044975362463546976,0.09494344791318206,-0.03999143838882446
13583,1611.1723084867444,448.9694186636368,352.1427777233402,108.36973748842372,1,1,5,2,0,0.32149156842912946,0.12730295870513159,0.32260388135910034,-0.3139868288624043,0.10648239970385692,-0.31896835565567017,-0.0714982947524713,0.08972622708111452,-0.06856118887662888
13585,932.9331714788732,134.34226850584162,253.388494278527,41.03443828106123,10,4,34,11,1,0.21255232918558795,0.13308063401930553,0.18518517911434174,-0.20417358180621495,0.12328644214545408,-0.18817317485809326,-0.038308265407930794,0.08993744681325488,-0.031520918011665344
13587,4233.474428379561,804.9894895589999,468.4674661301395,540.8378882858908,0,0,4,0,0,0.462842040111285,0.06454621397506728,0.4695369601249695,-0.4237339488999234,0.049445319236828406,-0.42548078298568726,-0.19844812755460467,0.07803069986724387,-0.21908269822597504
13589,3044.142971182248,624.1870682275193,647.227435219495,554.6963648561007,0,0,5,0,0,0.4228492909902339,0.09660598245120018,0.44208794832229614,-0.3913188062089759,0.08207815234079396,-0.4042247533798218,-0.15752218549360342,0.08160107428884324,-0.17050480842590332
13591,3914.076254088269,214.01103874346737,437.1162018222903,160.63679385768748,0,0,4,1,0,0.3333327001454879,0.11033117768240039,0.33310508728027344,-0.3184995378766741,0.09227920189281306,-0.3204500675201416,-0.0843977013412787,0.08178538449534092,-0.09219203889369965
13593,3016.452789142899,190.9219788930216,1422.7548079180667,137.26858880353228,3,0,10,3,0,0.34730763786999236,0.1188985320479053,0.3433496952056885,-0.32877475420228375,0.10422956051220554,-0.32806944847106934,-0.11554947931202555,0.08529885867290131,-0.11557662487030029
13595,2120.535435510288,242.7881634862922,259.56492242286413,544.1881064725093,5,2,10,5,0,0.24984585509008292,0.1898142862291771,0.2725309133529663,-0.22383726432009435,0.18672269177896375,-0.26589736342430115,-0.1024446512948818,0.09911088235749071,-0.08580342680215836
13597,1132.9279673999506,340.0400326214404,512.8155696180751,947.8231385093712,0,0,1,0,0,0.34541833058738686,0.17804797464255223,0.3735700249671936,-0.33124528714897045,0.15103993548403497,-0.3551287353038788,-0.11134659739430616,0.11407359529677673,-0.1155017763376236
13599,999.5057319342044,227.32539393170168,512.6079079917155,69.46215622396151,2,0,7,3,0,0.30527478242157613,0.14689918443858938,0.31567662954330444,-0.29238143644597997,0.12945950041555576,-0.30687856674194336,-0.07251706618309264,0.11130170524058797,-0.0707387924194336
13627,593.9116750161776,242.14695212309255,862.3667766547386,65.41415512140843,2,3,3,4,2,0.35115081798776604,0.12252179162833088,0.3731580972671509,-0.32637700041616224,0.10676521108523132,-0.34787195920944214,-0.11380709194447321,0.08471727627745905,-0.12328048795461655
13629,639.9822165884091,135.3919679175153,752.8028969900814,104.92119003587152,1,1,20,8,2,0.40408542761007843,0.1328194393203064,0.4423963129520416,-0.38061850369850786,0.10693479521654295,-0.4087286591529846,-0.12889077520206288,0.10527883765373301,-0.14567115902900696
14050,802.6505552149794,469.241927754008,878.1789551212121,121.86163699303866,4,0,29,5,1,0.3507033667110551,0.11254152663243656,0.37051087617874146,-0.3312431349076614,0.095572482562669,-0.3485453128814697,-0.10214311269267112,0.08156874732934696,-0.1116037666797638
14052,220.5410925051246,362.5826856268589,540.0619848494918,121.07225892553804,9,4,30,7,2,0.3331043918420927,0.14020402995274717,0.33998215198516846,-0.3197889858092172,0.11630089518223079,-0.32654306292533875,-0.08605964034263848,0.11069508294605733,-0.08204205334186554
14053,621.0050520636313,549.1334468044951,731.4801627759347,633.242127657574,0,0,0,1,3,0.3396515223655871,0.19645466572121287,0.3449580669403076,-0.31893549949326483,0.16972290143738347,-0.3386796712875366,-0.07380775190726295,0.14374601268574907,-0.06389077007770538
14055,1330.7397839757532,1208.5116236178862,954.8087118629876,469.1655891134571,0,0,0,0,0,0.5021446517948227,0.06770801382033369,0.5116233825683594,-0.4619721556403022,0.06061256968558299,-0.4691578149795532,-0.23235864500645562,0.06062493898847476,-0.24481841921806335
14057,454.4952839429997,132.32263684312474,149.32346575983755,183.10111756601844,28,8,163,19,3,0.2259900763705021,0.1578759987738247,0.18556004762649536,-0.22176042924898742,0.1410627875933862,-0.1977340131998062,-0.039929183648557076,0.11059627913874402,-0.022229883819818497
14059,430.5278555792254,208.8574193755433,500.253763929891,120.19808892493054,14,3,65,12,1,0.27552321539552527,0.16660875441402073,0.2595183253288269,-0.2682486402325822,0.14302594975129942,-0.2621036171913147,-0.0595915872781728,0.10912104934467531,-0.04577615112066269
14089,5531.3896908164,1089.6130745988369,599.7253587640697,1254.1630117364707,1,0,2,0,0,0.4354912696855882,0.1333147818437896,0.47400403022766113,-0.4062068101978715,0.11443602470958229,-0.4330696761608124,-0.14212735477771316,0.1254338469565659,-0.1736772358417511
14109,2451.1422425086266,1755.750143538589,1021.5563570598458,119.31149831322634,2,1,5,2,0,0.4379255022321429,0.08355470556644264,0.4475982189178467,-0.4016273654237085,0.07199018504290866,-0.4041387140750885,-0.199192763348015,0.07592189751275322,-0.2196042239665985
14129,1269.75751210322,1080.1293287226692,1125.2753013638128,877.9120144132077,0,0,1,0,0,0.4799545486454085,0.08175628578893487,0.49244892597198486,-0.43863970668772306,0.07545349233174452,-0.448438435792923,-0.22629383951615473,0.05813560868512971,-0.23652704060077667
14163,691.4191698447034,232.99473698071276,641.0630361353343,357.03937469851564,1,0,14,2,1,0.3848738863127312,0.10985829759753919,0.39526277780532837,-0.3658792101414042,0.08995349018779904,-0.37316757440567017,-0.10635713417453131,0.08628717769016361,-0.107599638402462
14165,1532.4559010100431,145.47359998805806,703.9429029521542,160.91590507795965,1,0,5,1,0,0.3744238455502804,0.1142712516622345,0.3786108195781708,-0.3538870635216193,0.09730534423852687,-0.3589794635772705,-0.10477700526392827,0.08483974770769177,-0.1040881872177124
14167,1735.3416795635892,258.3495904363598,197.32750588054773,286.2307123592283,0,0,1,0,0,0.3564471177213475,0.10251124943361842,0.35684096813201904,-0.342552142262398,0.08657113211731178,-0.3449363708496094,-0.09897047448437898,0.07728397903527998,-0.09998027235269547
14169,391.1743497187858,241.045594983196,645.3457739481717,529.5054131769689,5,3,13,4,2,0.36632512124736655,0.1166273684497277,0.3791069984436035,-0.34199369019162623,0.10213184555772441,-0.35561397671699524,-0.12316571899039996,0.09012747548002255,-0.12479586899280548
14193,1712.6890420075863,1713.0876620689085,713.906414837003,2308.586294167739,0,0,0,0,0,0.48640417748412773,0.05241617862298718,0.4906957149505615,-0.4450987990624202,0.04118728564928439,-0.44594478607177734,-0.20407417612820636,0.05185647418270285,-0.2129559963941574
14195,368.2810023224964,95.38685545139184,465.7049206185068,69.04000436344451,5,0,17,0,3,0.3834329981514533,0.11746693317550626,0.39517155289649963,-0.36929870636593254,0.09180335047363024,-0.3765866458415985,-0.10372179372768996,0.09571721393736043,-0.10556556284427643
14197,279.734672218503,203.84313856643627,331.3817498125533,125.14854649652592,11,3,44,14,3,0.3078688592953314,0.14162760031539653,0.3090405762195587,-0.3061370946861058,0.11706276821054015,-0.3128536641597748,-0.059629324821243626,0.10113133498443437,-0.05381310358643532
14199,1404.6104592336503,146.9983516706478,473.4920948602576,206.59623201124356,12,4,28,7,0,0.30763100325802956,0.12517348269079265,0.30558621883392334,-0.2989360372721769,0.10581264058289006,-0.29913854598999023,-0.06513363276395814,0.09557862156962653,-0.05952697992324829
